,race,gender,faction,essential
Ancotar,Altmer,Male,Mages Guild,Yes
Angalmo,Altmer,Male,Mages Guild,No
Angalsama,Altmer,Female,None,No
Ardaline,Altmer,Female,Mages Guild,Yes
Areldil,Altmer,Male,Imperial City,No
Arkved,Altmer,Male,None,No
Arquen,Altmer,Female,Dark Brotherhood,Yes
Arterion,Altmer,Male,None,No
Aryarie,Altmer,Female,Mages Guild,Yes
Astante,Altmer,Female,Brindle Home,No
Atraena,Altmer,Female,Imperial City,No
Calindil,Altmer,Male,None,No
Caminalda,Altmer,Female,Necromancer,Yes
Carahil,Altmer,Female,Mages Guild,Yes
Carandial,Altmer,Male,Mages Guild,No
Caranya,Altmer,Female,Mages Guild,Yes
Celedaen,Altmer,Male,Order of the Black Worm,No
Earana,Altmer,Female,None,Yes
Eilonwy,Altmer,Female,Mages Guild,No
Elante of Alinor,Altmer,Female,None,No
Elidor,Altmer,Male,Fighters Guild,No
Enrion,Altmer,Male,None,No
Erissare Arenim,Altmer,Female,None,No
Errandil,Altmer,Male,Nine Divines,No
Faelian,Altmer,Male,None,No
Falcar,Altmer,Male,Mages Guild,Yes
Gilgondorin,Altmer,Male,Bravil,No
Henantier,Altmer,Male,Mages Guild,No
Hindaril,Altmer,Male,Vampire,No
Redwater Slough,Unknown,Unknown,None,Unknown
Hirtel,Altmer,Male,None,No
Hlidara Mothril,Altmer,Female,None,No
Honditar,Altmer,Male,Chorrol,No
Karinnarre,Altmer,Female,None,No
Lithnilian,Altmer,Male,None,Unknown
Mankar Camoran (Oblivion),Altmer,Male,Mythic Dawn,Unknown
Mannimarco (Oblivion),Altmer,Male,Order of the Black Worm,No
Merandil,Altmer,Male,None,No
Merildor,Altmer,Male,Brindle Home,Unknown
Mirie,Altmer,Female,None,Yes
Varulae,Altmer,Female,None,No
Nerussa,Altmer,Female,None,Unknown
Ocato,Altmer,Male,Mages Guild,Unknown
Ohtesse,Altmer,Female,Nine Divines,No
Ohtimbar,Altmer,Male,Fighters Guild,No
Orintur,Altmer,Male,Mages Guild,No
Ormil,Altmer,Male,Imperial City,No
Palonirya,Altmer,Female,None,No
Ranaline,Altmer,Female,Mythic Dawn,No
Raven Camoran,Altmer,Male,Mythic Dawn,No
Ruma Camoran,Altmer,Female,Mythic Dawn,No
Salmo,Altmer,Male,None,No
Seridur,Altmer,Male,Order of the Virtuous Blood,Unknown
Sinderion,Altmer,Male,Skingrad,No
Suurootan,Altmer,Male,None,No
Tandilwe,Altmer,Female,Nine Divines,Unknown
Termanwe (Oblivion),Altmer,Female,Sanguine,Yes
Tilmo,Altmer,Male,None,No
Tumindil,Altmer,Male,Nine Divines,No
Umbacano (Oblivion),Altmer,Male,None,Unknown
Ungarion,Altmer,Male,None,No
Volanaro (Oblivion),Altmer,Male,Mages Guild,No
Voranil,Altmer,Male,Cheydinhal,No
Riverview (Oblivion),Unknown,Unknown,None,Unknown
Ah-Malz,Unknown,Unknown,None,Unknown
Ajum-Kajin,Argonian,Male,Leyawiin,No
Amusei,Argonian,Male,Imperial City,Yes
Beewos,Argonian,Female,None,No
Bejeen,Argonian,Female,None,No
Bur-Meema,Argonian,Female,Azura#Worship,No
Cat-Face,Argonian,Male,None,No
City-Swimmer,Argonian,Female,None,No
Dar Jee,Argonian,Male,None,No
Geel,Argonian,Male,Blackwood Company,Yes
Hears-Voices-in-The-Air,Argonian,Male,Blackwood Company,No
Jee-Tah,Argonian,Male,Blackwood Company,No
Mahei,Argonian,Male,None,Unknown
Dar-Ma,Argonian,Female,Chorrol,No
Deeh the Scalawag,Argonian,Male,None,No
Deetsan,Argonian,Female,Mages Guild,Yes
Deetum-Ja,Argonian,Male,Harlun's Watch,No
Dreet-Lai,Argonian,Male,None,No
Druja,Argonian,Female,Mages Guild,No
Er-Teeus,Argonian,Male,None,Yes
Geem Jasaiin,Argonian,Male,Chorrol,No
Gin-Wulm,Argonian,Male,None,No
Grey-Throat (Oblivion),Argonian,Male,Order of the Virtuous Blood,No
Hal-Liurz,Argonian,Female,Skingrad,Yes
Hauls-Ropes-Faster,Argonian,Male,None,No
Hides-His-Heart,Argonian,Male,None,No
Hunting Tail,Argonian,Male,None,No
Jeelius,Argonian,Male,Nine Divines,No
Jeetum-Ze,Argonian,Male,Blackwood Company,Yes
Kud-Ei,Argonian,Female,Mages Guild,Yes
Mach-Na,Argonian,Female,None,Yes
Marz,Argonian,Female,Nine Divines,No
Numeen,Argonian,Female,None,No
Ocheeva,Argonian,Female,Dark Brotherhood,Yes
On-Staya Sundew,Argonian,Female,None,No
Otumeel,Argonian,Male,Leyawiin,No
Pajeen,Argonian,Male,Boethiah,No
Quill-Weave,Argonian,Female,Anvil,Yes
Rana (Oblivion),Argonian,Female,Blackwood Company,Yes
Reenum,Argonian,Male,None,No
Right-Wind,Argonian,Male,Fighters Guild,No
Sakeepa,Argonian,Male,Aleswell,No
Aleswell (Oblivion),Unknown,Unknown,None,Unknown
Saliith,Argonian,Male,None,No
Scar-Tail,Argonian,Male,None,No
Bogwater,Unknown,Unknown,None,Unknown
Seed-Neeus,Argonian,Female,None,Yes
Shaleez,Argonian,Female,Black Hand,No
Sings-Like-Thunder,Argonian,Male,Blackwood Company,No
Skaleel,Argonian,Female,Mages Guild,Yes
Vahtacen (Oblivion),Unknown,Unknown,None,Unknown
Tar-Meena,Argonian,Female,Mages Guild,Yes
Teekeeus,Argonian,Male,Mages Guild,Yes
Teinaava,Argonian,Male,Dark Brotherhood,Yes
Tooth-in-the-Sea,Argonian,Male,None,No
Tun-Zeeus,Argonian,Male,None,No
Usheeja,Argonian,Male,None,No
Weebam-Na,Argonian,Male,None,No
Weedum-Ja,Argonian,Female,Nine Divines,No
Witseidutsei,Argonian,Female,None,No
Wumeek,Argonian,Male,None,No
Adanrel,Bosmer,Female,Imperial Trading Company,No
Aengvir,Bosmer,Male,Harlun's Watch,No
Aenvir,Bosmer,Male,FGC02ThiefFaction,No
Alawen,Bosmer,Female,None,No
Andragil,Bosmer,Female,Bravil,No
Anedhel,Bosmer,Female,Clavicus Vile,No
Anguilon,Bosmer,Male,None,No
Adoring Fan (Oblivion),Bosmer,Male,Imperial City,No
Athragar,Bosmer,Male,Mages Guild,No
Athrelor,Bosmer,Male,Kvatch,No
Baenlin,Bosmer,Male,None,No
Baeralorn,Bosmer,Male,Mages Guild,No
Boroneth,Bosmer,Female,Hircine,No
Bothiel (Oblivion),Bosmer,Female,Mages Guild,Yes
Brodras,Bosmer,Male,Fighters Guild,No
Caenlin,Bosmer,Male,None,No
Caenlorn,Bosmer,Male,None,No
Carwen,Bosmer,Female,Thieves Guild,No
Ciindil,Bosmer,Female,None,No
Cingaer,Bosmer,Male,Hrota Cave,No
Cingor (Oblivion),Bosmer,Male,Mythic Dawn,No
Daenlin,Bosmer,Male,Bravil,No
Dagail,Bosmer,Female,Leyawiin,Yes
Dairihill,Bosmer,Female,Anvil,Yes
Degil,Bosmer,Female,None,No
Dennilwen,Bosmer,Female,Bandits,No
Elragail,Bosmer,Female,None,No
Elsynia,Bosmer,Female,None,No
Engorm,Bosmer,Male,None,Yes
Enilroth,Bosmer,Male,Anvil,Yes
Eridor,Bosmer,Male,Vampire Hunters,No
Erthor,Bosmer,Male,Mages Guild,Yes
Faurinthil,Bosmer,Female,None,No
Fithragaer,Bosmer,Male,Mages Guild,No
Nenyond Twyll,Unknown,Unknown,None,Unknown
Foroch,Bosmer,Male,None,No
Ganredhel,Bosmer,Female,None,No
Gelephor,Bosmer,Male,None,No
Githriian (Oblivion),Bosmer,Female,None,No
Glarthir,Bosmer,Male,Skingrad,No
Gundalas,Bosmer,Male,None,No
Gwinas,Bosmer,Male,None,No
Hagaer,Bosmer,Male,None,No
Hasathil,Bosmer,Female,None,No
Hundolin,Bosmer,Male,None,Yes
Huurwen,Bosmer,Female,Fighters Guild,No
Idrolian,Bosmer,Female,None,Unknown
Laenafil,Bosmer,Female,Bandits,No
Laralthir,Bosmer,Female,Nine Divines,No
Maenlorn,Bosmer,Male,None,Unknown
Maglir,Bosmer,Male,Fighters Guild,Unknown
Mandil,Bosmer,Female,Thieves Guild,No
Methredhel,Bosmer,Female,Thieves Guild,Unknown
Nedhelfin,Bosmer,Male,None,No
Nilawen,Bosmer,Female,None,No
Niraegaer,Bosmer,Male,Hrota Thieves,No
Nordinor,Bosmer,Male,None,Unknown
Parwen,Bosmer,Female,Fighters Guild,No
Rindir,Bosmer,Male,None,No
Sister Angrond,Bosmer,Female,Nine Divines,No
Telaendril,Bosmer,Female,Dark Brotherhood,No
Thamriel,Bosmer,Female,None,No
Thaurron,Bosmer,Male,Mages Guild,No
Thiirchel,Bosmer,Female,Hrota Thieves,No
Thoronir,Bosmer,Male,None,Unknown
Thrangirfin,Bosmer,Male,None,No
Thurindil,Bosmer,Male,Pirate,No
Umbra (Oblivion),Bosmer,Female,None,No
Vindasel,Unknown,Unknown,None,Unknown
Ungolim,Bosmer,Male,Black Hand,Unknown
Uuras the Shepherd,Bosmer,Male,None,No
Uurwen,Bosmer,Female,Mages Guild,No
Bernadette Peneles,Breton,Female,None,No
Biene Amelion,Breton,Female,None,Yes
Ferrum,Breton,Male,Blades,No
Achille,Breton,Male,Blades,No
Baragon,Breton,Male,Blades,No
Blanche Mastien,Breton,Female,None,No
Bradon Lirrian,Breton,Male,None,No
Brucetus Festinius,Breton,Male,None,No
Callia Bincal,Breton,Female,None,No
Candice Corgine,Breton,Female,Pell's Gate,No
Caroline,Breton,Female,Blades,No
Chana Mona,Breton,Female,Nine Divines,No
Christophe Marane,Breton,Male,None,Yes
Claude Maric,Breton,Male,None,No
Claudette Perrick,Breton,Female,None,No
Colin Stedrine,Breton,Male,Anvil,No
Corrick Northwode,Breton,Male,None,No
Damian Magius,Breton,Male,Imperial Trading Company,No
Captain Gepard Montrose,Breton,Male,Imperial Legion,No
Davide Surilie,Breton,Male,None,No
Delphine Jend,Breton,Female,Mages Guild,No
Didier Aumilie,Breton,Male,The Count's Arms,No
The Count's Arms,Unknown,Unknown,None,Unknown
Edgar Vautrine,Breton,Male,Imperial City,No
Edgar's Discount Spells,Unknown,Unknown,None,Unknown
Eduard Denile,Breton,Male,None,No
Eduard Retiene,Breton,Male,Water's Edge,No
Elisa Pierrane,Breton,Female,None,No
Erline Lirrian,Breton,Female,None,No
Ernest Manis,Breton,Male,None,No
Estelle Renoit,Breton,Female,None,No
Renoit's Books,Unknown,Unknown,None,Unknown
Eugal Belette,Breton,Male,Mythic Dawn,No
Evangeline Beanique,Breton,Female,Mages Guild,No
First Mate Filch,Breton,Male,Pirates of the Sea Tub Clarabella,No
Sea Tub Clarabella,Unknown,Unknown,None,Unknown
Floyd Nathans,Breton,Male,Blankenmarch,No
Blankenmarch,Unknown,Unknown,None,Unknown
Francine Velain,Breton,Female,None,No
Francois Motierre,Breton,Male,None,No
Gan Luseph,Breton,Male,None,No
Gaspar Stegine,Breton,Male,Mages Guild,No
Gaston Surilie,Breton,Male,None,No
Surilie Brothers Vineyards,Unknown,Unknown,None,Unknown
Gaston Tussaud,Breton,Male,None,No
Marie Elena,Unknown,Unknown,None,Unknown
Gerard Melie,Breton,Male,None,No
Goblin Jim,Breton,Male,None,No
Grantham Blakeley,Breton,Male,None,No
Niben Bay,Unknown,Unknown,None,Unknown
Gregory Arne,Breton,Male,None,No
Guilbert Jemane,Breton,Male,None,Yes
Guilbert Selone,Breton,Male,None,No
Hannibal Traven (Oblivion),Breton,Male,Mages Guild,Yes
Hastrel Ottus,Breton,Male,Imperial City,No
Irene Metrick,Breton,Female,None,No
Isabeau Bienne,Breton,Female,None,No
Istirus Brolus,Breton,Male,None,No
Springheel Jak,Breton,Male,None,Unknown
Jauffre (Oblivion),Breton,Male,Blades,Unknown
Jeanne Frasoric,Breton,Female,Mages Guild,No
Jhared Strongblade,Breton,Male,Knights of the Thorn,No
Jolie Retiene,Breton,Female,None,No
Julienne Fanis,Breton,Female,Mages Guild,Unknown
Kastus Sintav,Breton,Male,Imperial City,No
Lazare Milvan,Breton,Male,None,No
Luciana Galena,Breton,Female,Thieves Guild,No
Marcel Amelion,Breton,Male,None,Unknown
Marc Gulitte,Breton,Male,Mages Guild,No
Marguerite Diel,Breton,Female,Mythic Dawn,No
Marie Alouette,Breton,Female,None,Yes
Marie Palielle,Breton,Female,Nine Divines,No
Mariette Rielle,Breton,Female,Order of the Black Worm,No
Mathieu Bellamont,Breton,Male,Dark Brotherhood,Unknown
Matilde Petit,Breton,Female,None,No
Matthias Draconis,Breton,Male,Umbacano,No
Melisande,Breton,Female,None,Yes
Corbolo River,Unknown,Unknown,None,Unknown
Astav Wirich,Breton,Male,Imperial City,No
Norbert Lelles,Breton,Male,None,Unknown
Ogier Georick,Breton,Male,None,No
Philip Franc,Breton,Male,None,No
Prior Maborel,Breton,Male,Nine Divines,No
Raelynn the Gravefinder,Breton,Female,Necromancer,No
Renald Viernis,Breton,Male,Imperial City,No
Renault,Breton,Female,Blades,Unknown
Reynald Jemane,Breton,Male,None,Unknown
Weatherleah,Unknown,Unknown,None,Unknown
Rochelle Bantien,Breton,Female,None,No
Roderic Pierrane,Breton,Male,None,No
Roland Jenseric,Breton,Male,None,No
Roxanne Brigette,Breton,Female,Bravil,No
Roxy Aric,Breton,Female,Black Bows,No
Telepe (Oblivion),Unknown,Unknown,None,Unknown
Rufio,Breton,Male,None,No
Sabine Laul,Breton,Female,Fighters Guild,No
Salomon Geonette,Breton,Male,None,No
Samuel Bantien,Breton,Male,None,No
Shady Sam,Breton,Male,None,No
Sister Phebe Jeanard,Breton,Female,Nine Divines,No
Thorley Aethelred,Breton,Male,None,No
Shardrock,Unknown,Unknown,None,Unknown
Timothee LaRouche,Breton,Male,Pirate,No
Ulrich Leland,Breton,Male,Cheydinhal Guard,Unknown
Ursanne Loche,Breton,Female,None,No
Vicente Valtieri,Breton,Male,Dark Brotherhood,Yes
Vincent Galien,Breton,Male,Fighters Guild,No
Yvara Channitte,Breton,Female,Castle Bruma,No
Amkaos (Oblivion),Dremora,Male,Dremora,No
Kathutet (Oblivion),Dremora,Male,Dremora,No
Orthe (Oblivion),Dremora,Male,Dremora,No
Ranyu (Oblivion),Dremora,Male,Dremora,No
Adosi Serethi,Dunmer,Female,Aleswell,No
Aldos Othran,Dunmer,Male,Cheydinhal,No
Alval Uvani,Dunmer,Male,Dark Brotherhood,No
Alves Uvenim,Dunmer,Female,Leyawiin,Yes
Andel Indarys,Dunmer,Male,Castle Cheydinhal,Always
Arvena Thelas,Dunmer,Female,Anvil,Yes
Arvin Dalvilu,Dunmer,Male,Bleaker's Way,No
Avrus Adas,Dunmer,Male,Leyawiin,No
Aymar Douar,Dunmer,Male,None,Yes
Banus Alor,Dunmer,Male,Dark Brotherhood,Yes
Boderi Farano (Oblivion),Dunmer,Female,Mages Guild,No
Bolor Savel,Dunmer,Male,Order of the Black Worm,No
Bongond,Dunmer,Male,None,No
Bralsa Andaren,Dunmer,Female,None,No
Cylben Dolovas,Dunmer,Male,None,No
First Mate Malvulis,Dunmer,Female,Marie Elena,No
Davela Hlaren,Dunmer,Female,None,No
Delos Fandas,Dunmer,Male,Imperial City,No
Dervera Romalen,Dunmer,Female,Newlands Lodge,No
Diram Serethi,Dunmer,Male,Aleswell,Yes
Dovesi Dran,Dunmer,Female,None,No
Dovyn Aren,Dunmer,Male,Cheydinhal,No
Dralora Athram,Dunmer,Female,Imperial City,No
Dranas Lerano,Dunmer,Male,FGC02ThiefFaction,No
Dranas Llethro,Dunmer,Male,Imperial Trading Company,No
Drarana Thelis,Dunmer,Female,Harlun's Watch,Yes
Dredena Hlavel,Dunmer,Female,None,Yes
Drels Theran,Dunmer,Male,Bravil,No
Eronor,Dunmer,Male,Order of Talos,Yes
Falanu Hlaalu,Dunmer,Female,Skingrad,No
Farwil Indarys,Dunmer,Male,Knights of the Thorn,No
Fathis Aren,Dunmer,Male,Mages Guild,Yes
Fathis Ules,Dunmer,Male,Thieves Guild,Yes
Felen Relas,Dunmer,Male,Mages Guild,No
Ferul Ravel,Dunmer,Male,None,Yes
Gilen Norvalo,Dunmer,Male,Order of the Virtuous Blood,No
Glistel,Dunmer,Female,Thieves Guild,No
Gureryne Selvilo (Oblivion),Dunmer,Male,Nine Divines,No
Harrow,Dunmer,Male,Mythic Dawn,No
Ilvel Romayn,Dunmer,Male,None,Unknown
Kylius Lonavo,Dunmer,Male,Marauder,No
Lady Drad,Dunmer,Female,None,Unknown
Llensi Llaram,Dunmer,Female,Fighters Guild,Unknown
Llevana Nedaren,Dunmer,Female,None,Unknown
Lord Drad,Dunmer,Male,None,Unknown
Malyani Dalvilu,Dunmer,Female,Bleaker's Way,No
Mels Maryon,Dunmer,Male,None,Unknown
Mensa Selas,Dunmer,Female,Bandits,Unknown
Minx,Dunmer,Female,Blackwater Brigands,No
Mivryna Arano,Dunmer,Female,None,Unknown
Modryn Oreyn (Oblivion),Dunmer,Male,Fighters Guild,Unknown
Mondrar Henim,Dunmer,Male,None,Unknown
Myvryna Arano,Dunmer,Female,Thieves Guild,No
Nardhil,Dunmer,Female,Chorrol,No
Nivan Dalvilu,Dunmer,Male,Bleaker's Way,No
Norasa Adus,Dunmer,Female,Hermaeus Mora,No
Noveni Othran,Dunmer,Female,Order of the Black Worm,No
Olyn Seran,Dunmer,Male,Molag Bal,No
Othrelos,Dunmer,Male,Thieves Guild,No
Ralsa Norvalo,Dunmer,Female,None,No
Raynil Dralas,Dunmer,Male,None,No
Redas Dalvilu,Dunmer,Male,Bleaker's Way,No
Rythe Lythandas,Dunmer,Male,None,Unknown
Satha Dalvilu,Dunmer,Female,Bleaker's Way,No
Saveri Faram,Dunmer,Female,Mythic Dawn,No
Slythe Seringi,Dunmer,Male,None,No
Soris Arenim,Dunmer,Male,None,No
Tadrose Helas,Dunmer,Female,Fighters Guild,No
Tanasa Arano,Dunmer,Female,Mythic Dawn,No
Pale Lady,Dunmer,Female,Vampire,No
Tivela Lythandas,Dunmer,Female,None,No
Tolisi Girith,Dunmer,Female,Mythic Dawn,No
Tolvasa Sendas,Dunmer,Female,Boethiah,No
Tovas Selvani,Dunmer,Male,None,No
Ulen Athram,Dunmer,Male,Mythic Dawn,No
Ulene Hlervu,Dunmer,Female,Castle Cheydinhal,No
Undena Orethi,Dunmer,Female,None,No
Uravasa Othrelas,Dunmer,Female,Nine Divines,No
Urnsi Serethi,Dunmer,Female,Aleswell,No
Valen Dreth,Dunmer,Male,None,No
Varel Morvayn,Dunmer,Male,Anvil,No
Varon Vamori,Dunmer,Male,Thieves Guild,Unknown
Adamus Phillida,Imperial,Male,Imperial Legion,Yes
Adrian Decanius,Imperial,Male,Imperial City,No
Alessia Ottus,Imperial,Female,Imperial City,No
Aloys Bincal,Imperial,Male,Cropsford,No
Cropsford (Oblivion),Unknown,Unknown,None,Unknown
Amantius Allectus,Imperial,Male,Imperial City,No
Amminus Gregori,Imperial,Male,Cheydinhal Guard,Yes
Andreas Draconis,Imperial,Male,None,No
Antus Flonius,Imperial,Male,Fighters Guild,No
Antus Odiil,Imperial,Male,None,Yes
Arentus Falvius,Imperial,Male,Bruma,No
Ariela Doran,Imperial,Female,Chorrol,No
Arnora Auria,Imperial,Female,Bruma,Yes
Arriana Valga,Imperial,Female,Castle Chorrol,No
Astia Inventius,Imperial,Female,Anvil,No
Astinia Atius,Imperial,Female,None,No
Audens Avidius,Imperial,Male,Imperial Legion,No
Augusta Calidia,Imperial,Female,Tiber Septim Hotel,No
Aviera Nirol,Imperial,Female,None,No
Countess Alessia Caro,Imperial,Female,Castle Leyawiin,Yes
Imus the Dull,Imperial,Male,Anvil,No
Penniless Olvus,Imperial,Male,Beggars,No
Cosmus the Cheat,Imperial,Male,None,No
Wretched Aia,Imperial,Female,Beggars,No
Bruccius the Orphan,Imperial,Male,None,No
Luckless Lucina,Imperial,Female,Beggars,No
Lazy Kaslowyn,Imperial,Male,Beggars,No
Nermus the Mooch,Imperial,Male,Beggars,No
Fralav the Faker,Imperial,Male,None,No
Simplicia the Slow,Imperial,Female,Beggars,No
No-Coins Draninus,Imperial,Male,Beggars,No
Ragbag Buntara,Imperial,Female,Beggars,No
Puny Ancus,Imperial,Male,Beggars,No
Foul Fagus,Imperial,Male,Skingrad,No
Nigidius the Needy,Imperial,Male,Beggars,No
Belisarius,Imperial,Male,Blades,No
Belisarius Arius,Imperial,Male,Dark Brotherhood,Yes
Berich Inian,Imperial,Male,Kvatch Guard,Yes
Betto Plotius,Imperial,Male,None,No
Pelagius (Oblivion),Imperial,Male,Blades,No
Arcturus (Oblivion),Imperial,Male,Blades,No
Bremman Senyan,Imperial,Male,Knights of the Thorn,No
Brielus Gawey,Imperial,Male,None,No
Britta Invel,Imperial,Female,None,Yes
Bronsila Kvinchal,Imperial,Female,Imperial Trading Company,No
Brotch Calus,Imperial,Male,Bruma,No
Brother Piner,Imperial,Male,Nine Divines,No
Bruscius Longus,Imperial,Male,None,No
Caelia Draconis,Imperial,Female,Leyawiin,No
Camilla Lollia,Imperial,Female,Order of the Black Worm,No
Captain Baszone Patneim,Imperial,Male,None,No
Carius Runellius,Imperial,Male,Bruma,Yes
Carmalo Truiand,Imperial,Male,Imperial Legion,No
Carmana Sintav,Imperial,Female,None,No
Casta Flavus,Imperial,Male,None,No
Casta Scribonia,Imperial,Female,Chorrol,No
Caula Allectus,Imperial,Female,Imperial City,No
Cicero Verus,Imperial,Male,Imperial City,No
Claudius Arcadia,Imperial,Male,None,No
Collatinus Vedius,Imperial,Male,None,No
Contumeliorus Florius,Imperial,Male,Mages Guild,No
Cyronin Sintav,Imperial,Male,None,No
Danus Artellian,Imperial,Male,Castle Skingrad,No
Decentius Opsius,Imperial,Male,City Watch,No
Denel,Imperial,Male,Mages Guild,Yes
Dion,Imperial,Male,Skingrad Guard,No
Dumania Jirich,Imperial,Female,Anvil,No
Dynari Amnis,Imperial,Female,Courier Customers,No
Eduard Hodge,Imperial,Male,None,No
Erina Jeranus,Imperial,Female,None,Always
Etira Moslin,Imperial,Female,Hackdirt Brethren,No
Fadus Calidius,Imperial,Male,Fighters Guild,No
Faustina Cartia,Imperial,Female,None,No
Galtus Previa,Imperial,Male,None,No
Garrus Darelliun,Imperial,Male,Cheydinhal Guard,No
Gellius Terentius,Imperial,Male,None,No
Gemellus Axius,Imperial,Male,None,No
Gerich Senarel,Imperial,Male,Bruma,No
Giovanni Civello,Imperial,Male,Imperial Legion,No
Glenroy,Imperial,Male,Blades,Yes
The Gray Fox (Oblivion),Imperial,Male,Thieves Guild,Yes
Gruiand Garrana,Imperial,Female,Nine Divines,No
Helvius Cecia,Imperial,Male,Thieves Guild,No
Helvo Atius,Imperial,Male,None,No
Herminia Cinna,Imperial,Female,None,No
Hieronymus Lex,Imperial,Male,Imperial Legion,Yes
Humilis Nonius,Imperial,Male,None,No
Ida Ottus,Imperial,Female,None,No
Ida Vlinorman,Imperial,Female,Imperial City,No
Ilav Dralgoner,Imperial,Male,Nine Divines,No
Ilend Vonius,Imperial,Male,Kvatch,No
Iniel Sintav,Imperial,Male,None,No
Irlav Jarol,Imperial,Male,Mages Guild,Yes
Isa Raman,Imperial,Female,Nine Divines,No
Ita Rienus,Imperial,Female,Mages Guild,No
Itius Hayn,Imperial,Male,Imperial Legion,Yes
Janonia Aurunceia,Imperial,Female,None,No
Jantus Brolus,Imperial,Female,None,No
Januarius Aurunceia,Imperial,Male,None,No
Janus Hassildor,Imperial,Male,None,Yes
Jaras Invel,Imperial,Male,None,Yes
Jastia Sintav,Imperial,Female,None,No
Javolia Maborel,Imperial,Female,None,No
Jena,Imperial,Female,Blades,No
Jena Sintav,Imperial,Female,Imperial City,No
Jesan Rilian,Imperial,Male,None,No
Jesan Sextius,Imperial,Male,None,No
Jirolin Doran,Imperial,Male,None,No
Jiv Hiriel,Imperial,Male,None,No
Julitta Plotius,Imperial,Female,None,No
Kantav Cheynoslin,Imperial,Male,Nine Divines,No
Kastav Kvinchal,Imperial,Male,Imperial Trading Company,No
Langley,Imperial,Male,None,No
Laythe Wavrick,Imperial,Male,Chorrol,Yes
Lenka Valus,Imperial,Female,None,No
Lerexus Callidus,Imperial,Male,Imperial Legion,No
Ley Marillin,Imperial,Male,None,No
Lord Lovidicus,Imperial,Male,Vampire,No
Crowhaven,Unknown,Unknown,None,Unknown
Lorgren Benirus,Imperial,Male,None,No
Lucien Lachance (Oblivion),Imperial,Male,Black Hand,Yes
Luther Broad,Imperial,Male,None,No
Lyra Rosentia,Imperial,Female,None,No
Malintus Ancrus,Imperial,Male,Thieves Guild,No
Marana Rian,Imperial,Female,None,No
Mariana Ancharia,Imperial,Female,None,No
Marinus Catiotus,Imperial,Male,None,No
Marius Caro,Imperial,Male,None,Yes
Marlena Brussiner,Imperial,Female,None,No
Maro Rufus,Imperial,Male,None,No
Martin Septim (Oblivion),Imperial,Male,Septim Dynasty,Yes
Martina Floria,Imperial,Female,Mages Guild,No
Melus Petilius,Imperial,Male,None,Yes
Menien Goneld,Imperial,Male,Kvatch Guard,Unknown
Oblivion (Realm),Unknown,Unknown,None,Unknown
Mercator Hosidus,Imperial,Male,Order of the Black Worm,Unknown
Millona Umbranox,Imperial,Female,None,Unknown
Narina Carvain,Imperial,Female,None,Unknown
Naspia Cosma,Imperial,Female,Cheydinhal,No
Natch Pinder,Imperial,Male,None,No
Ontus Vanin,Imperial,Male,None,No
Ormellius Goldwine,Imperial,Male,None,No
Otius Loran,Imperial,Male,Nine Divines,No
Pennus Mallius,Imperial,Male,None,No
Perennia Draconis,Imperial,Female,None,No
Pinarus Inventius,Imperial,Male,None,Yes
Pista Marillin,Imperial,Female,None,Unknown
Praxedes Afranius,Imperial,Female,Imperial City,Unknown
Primo Antonius,Imperial,Male,None,Unknown
Rallus Odiil,Imperial,Male,Chorrol,Yes
Raminus Polus,Imperial,Male,Mages Guild,Yes
Regulus Terentius,Imperial,Male,None,Unknown
Reman Broder,Imperial,Male,Thieves Guild,No
Rena Bruiant,Imperial,Female,None,No
Renee Geonette,Imperial,Female,None,No
Restita Statlilia,Imperial,Female,None,Unknown
Rimalus Bruiant,Imperial,Male,None,Unknown
Roliand Hanus,Imperial,Male,Mages Guild,No
Romana Faleria,Imperial,Female,None,No
Rona Hassildor,Imperial,Female,None,No
Rosentia Gallenus,Imperial,Female,None,Yes
Rufrius Vinicius,Imperial,Male,Fighters Guild,No
Rusia Bradus,Imperial,Female,Anvil,No
Savlian Matius,Imperial,Male,Kvatch Guard,Yes
Schlera Sestius,Imperial,Female,None,No
Selena Orania,Imperial,Female,Mages Guild,No
Selene (Oblivion),Imperial,Female,Blackwater Brigands,No
Sergius Verus,Imperial,Male,Imperial City,No
Servatius Quintilius,Imperial,Male,Imperial Legion,Unknown
Severius Atius,Imperial,Male,None,No
Sibylla Draconis,Imperial,Female,None,No
Silana Blandia,Imperial,Female,Nine Divines,No
Stantus Varrid,Imperial,Male,None,No
Captain Steffan,Imperial,Male,Blades,Yes
Sulinus Vassinus,Imperial,Male,Mages Guild,No
Surius Afranius,Imperial,Male,None,No
Tertia Viducia,Imperial,Female,None,No
Tertius Favonius,Imperial,Male,None,No
Tertullian Verus,Imperial,Male,None,No
Toutius Sextius,Imperial,Male,None,No
Trenus Duronius,Imperial,Male,None,No
Tyrellius Logellus,Imperial,Male,City Watch#Bruma Guard,No
Uriel Septim VII,Imperial,Male,Septim Dynasty,Unknown
Valandrus Abor,Imperial,Male,Nine Divines,No
Valus Odiil,Imperial,Male,Chorrol,Yes
Vandorallen Trebatius,Imperial,Male,None,No
Vantus Prelius,Imperial,Male,Fighters Guild,Yes
Velan Andus,Imperial,Male,Imperial City,No
Waterfront Lighthouse,Unknown,Unknown,None,Unknown
Velus Hosidius,Imperial,Male,Imperial City,No
Velwyn Benirus,Imperial,Male,Anvil,Yes
Viator Accius,Imperial,Male,Anvil,No
Viera Lerus,Imperial,Female,None,No
Vilena Donton,Imperial,Female,Fighters Guild,Yes
Vinicia Melissaeia,Imperial,Female,None,No
Viranus Donton,Imperial,Male,Fighters Guild,Unknown
Vlanarus Kvinchal,Imperial,Male,None,No
Vlanhonder Moslin,Imperial,Male,Hackdirt Brethren,No
Vlarimil Orius,Imperial,Male,None,Yes
Vontan Sintav,Imperial,Male,Imperial City,No
Vontus Idolus,Imperial,Male,Vampire Hunters,No
Ysabel Andronicus,Imperial,Female,Arena,Yes
Abhuki,Khajiit,Female,None,No
Ahdarji,Khajiit,Female,Leyawiin,Yes
Ashni,Khajiit,Female,Sanguine,No
Atahba,Khajiit,Female,None,No
Ayisha,Khajiit,Female,Bandits,No
Rancid Ra'dirsha,Khajiit,Female,Beggars,No
Dro'Nahrahe,Khajiit,Female,Bravil,No
Dro'shanji,Khajiit,Male,Bravil,No
Hassiri,Khajiit,Male,Black Horse Courier,No
Ja'Fazir,Khajiit,Male,Blackwood Company,Yes
J'baana,Khajiit,Male,Thieves Guild,No
J'bari,Khajiit,Male,None,No
J'Ghasta,Khajiit,Male,Dark Brotherhood,No
J'mhad,Khajiit,Male,None,No
J'riska,Khajiit,Male,None,No
Border Watch,Unknown,Unknown,None,Unknown
J'skar,Khajiit,Male,Mages Guild,Yes
J'zin-Dar,Khajiit,Male,Bravil Skooma Den,No
K'Sharr,Khajiit,Male,Bandits,Yes
Silver Road,Unknown,Unknown,None,Unknown
M'aiq the Liar (Oblivion),Khajiit,Male,None,Yes
Ma'Raska,Khajiit,Male,None,Yes
M'dasha,Khajiit,Male,Border Watch,No
M'dirr,Khajiit,Male,Character Classes,No
M'raaj-Dar,Khajiit,Male,Dark Brotherhood,No
Ra'jhera the Keeneye,Khajiit,Male,None,No
Nahsi,Khajiit,Female,Fighters Guild,No
Ra'Jahirr,Khajiit,Male,None,No
Ra'Jhan,Khajiit,Male,Imperial City,No
Ra'jiradh,Khajiit,Male,None,No
Ra'qanar,Khajiit,Male,Thieves Guild,No
Ri'Bassa,Khajiit,Male,None,Yes
Ri'Jirr,Khajiit,Male,None,No
Ri'Zakar,Khajiit,Male,Blackwood Company,No
R'vanni,Khajiit,Male,Bravil Skooma Den,No
S'drassa,Khajiit,Male,Mages Guild,No
Shamada,Khajiit,Female,None,No
Shomara,Khajiit,Female,None,No
Shuravi,Khajiit,Female,None,No
S'jirra,Khajiit,Female,None,No
S'kasha,Khajiit,Female,Fighters Guild,No
S'Krivva,Khajiit,Female,Thieves Guild,Yes
S'mirra,Khajiit,Female,Harlun's Watch,No
S'rathad,Khajiit,Male,None,No
S'razirr,Khajiit,Male,None,No
Malada,Unknown,Unknown,None,Unknown
S'shani,Khajiit,Male,None,No
S'thasa,Khajiit,Female,None,No
Talasma,Khajiit,Female,None,No
Tsalajma,Khajiit,Female,None,No
Tsavi,Khajiit,Female,Castle Leyawiin,No
Tsramla,Khajiit,Female,None,No
Tsrava,Khajiit,Female,None,No
Urjabhi,Khajiit,Male,None,No
Vajhira,Khajiit,Female,None,Yes
Yushi,Khajiit,Female,Molag Bal,No
Zabhila,Khajiit,Female,Border Watch,No
Zahrasha,Khajiit,Female,None,No
Agarmir,Nord,Male,Imperial City,No
Agata,Nord,Female,Leyawiin,Yes
Agnar the Unwavering,Nord,Male,Thirsk Mead Hall,No
Dive Rock,Unknown,Unknown,None,Unknown
Agnete the Pickled,Nord,Female,Skingrad,No
Alga,Nord,Female,Bruma,No
Algot the Northerner,Nord,Male,Imperial Trading Company,No
Fetid Jofnhild,Nord,Male,None,No
Jorck the Outcast,Nord,Male,Beggars,No
Beirir,Nord,Male,Bleaker's Way,No
Bittneld the Curse-Bringer,Nord,Male,None,Yes
Bjalfi the Contemptible,Nord,Male,Marauder,No
Burd,Nord,Male,Bruma,Yes
Carsten,Nord,Male,Vampire Hunters,No
Lorkmir,Nord,Male,None,No
Edla Dark-Heart,Nord,Female,Bruma,No
Eitar,Nord,Male,None,No
Else God-Hater,Nord,Female,Mythic Dawn,No
Emfrid,Nord,Female,None,No
Eyja,Nord,Female,Skingrad,No
Fjotreid,Nord,Male,None,No
Gromm,Nord,Male,None,No
Gunder,Nord,Male,Skingrad,No
Hafid Hollowleg,Nord,Male,None,No
Hamlof Red-Tooth (Oblivion),Nord,Male,None,No
Hans Black-Nail,Nord,Male,Mythic Dawn,No
Havilstein Hoar-Blood,Nord,Male,Dark Brotherhood,No
Gnoll Mountain,Unknown,Unknown,None,Unknown
Heinrich Oaken-Hull,Nord,Male,Anvil,No
Hil the Tall,Nord,Male,Nine Divines,No
Brother Hjar,Nord,Male,None,No
Hjolfrodi the Harrier,Nord,Female,None,Yes
Hlofgar,Nord,Male,None,No
Brother Holger,Nord,Male,None,No
Honmund,Nord,Male,None,No
Brother Hridi,Nord,Male,None,No
Hrol Ulfgar,Nord,Male,Bleaker's Way,No
Irroke the Wide,Nord,Male,None,Unknown
Iver,Nord,Male,Mages Guild,Unknown
Silorn,Unknown,Unknown,None,Unknown
Jensine,Nord,Female,None,Unknown
Jollring,Nord,Male,None,Unknown
Jorundr,Nord,Male,None,No
Kalthar,Nord,Male,Mages Guild,Unknown
Keld of the Isles,Nord,Male,Fighters Guild,No
Kirsten,Nord,Female,Bleaker's Way,No
Larthjar the Laggard,Nord,Male,None,Unknown
Logvaar,Nord,Male,None,No
Lynch,Nord,Male,Blackwater Brigands,No
Maeva the Buxom,Nord,Female,None,No
Malene,Nord,Female,None,Unknown
Maren the Seal,Nord,Female,None,Unknown
Margarte,Nord,Female,None,Unknown
Merete,Nord,Female,Mages Guild,Unknown
Mogens Wind-Shifter,Nord,Male,Bandits,Unknown
Rolgarel,Nord,Male,None,No
Nels the Naughty,Nord,Male,None,No
Newheim the Portly,Nord,Male,None,Unknown
Olav,Nord,Male,Bruma,Unknown
Olava the Fair,Nord,Female,Nine Divines,No
Olfand,Nord,Male,None,No
Ongar the World-Weary,Nord,Male,Thieves Guild,Yes
Orgnolf Hairy-Legs,Nord,Male,None,Unknown
Ortis,Nord,Male,Sheogorath,No
Petrine,Nord,Female,None,No
Regner,Nord,Male,Bruma,No
Reistr the Rotted,Nord,Male,Bravil Skooma Den,No
Rigmor,Nord,Female,Claude Maric,No
Roliand,Nord,Male,Blades,No
Signy Home-Wrecker,Nord,Female,None,No
Sigrid (Oblivion),Nord,Female,Mages Guild,No
Skjorta,Nord,Female,None,No
Snar the Cook,Nord,Male,None,No
Sten the Ugly,Nord,Male,Fighters Guild,No
Storn the Burly,Nord,Male,Anvil,No
Styrbjorn,Nord,Male,Mythic Dawn,No
Tolgan,Nord,Male,None,Unknown
Torbal the Sufficient,Nord,Male,Brindle Home,No
Torbern,Nord,Male,None,No
Ulfgar Fog-Eye,Nord,Male,None,Unknown
Ulrika Ulfgar,Nord,Female,Bleaker's Way,No
Vidkun,Nord,Male,Mages Guild,No
Vigdis,Nord,Female,Fighters Guild,No
Vigge the Cautious,Nord,Male,Mages Guild,No
Wilhelm the Worm,Nord,Male,None,No
Agronak gro-Malog,Orsimer,Male,Arena,Yes
Batul gra-Sharob,Orsimer,Female,None,No
Bazur gro-Gharz,Orsimer,Male,None,No
Black Brugo,Orsimer,Male,Black Bow Bandit,No
Bogrum gro-Galash,Orsimer,Male,Bravil,No
Borba gra-Uzgash,Orsimer,Female,None,No
Brag gro-Bharg,Orsimer,Male,Fighters Guild,No
Brokil gro-Shatur,Orsimer,Male,Bravil,No
Bugak gro-Bol,Orsimer,Male,None,No
Bumph gra-Gash,Orsimer,Female,Fighters Guild,No
Burz gro-Khash,Orsimer,Male,Fighters Guild,Yes
Dubok gro-Shagk,Orsimer,Male,Fighters Guild,Yes
Dulfish gro-Orum,Orsimer,Male,Cheydinhal,No
Dul gro-Shug,Orsimer,Male,Imperial City,No
Gaturn gro-Gonk,Orsimer,Male,Fighters Guild,No
Ghorub gro-Ugdub,Orsimer,Male,None,No
Gogron gro-Bolmog,Orsimer,Male,Dark Brotherhood,No
Gorgo gro-Shura,Orsimer,Male,Anvil,No
Graklak gro-Buglump,Orsimer,Male,None,No
Graman gro-Marad,Orsimer,Male,Imperial City,No
Gul gro-Burbog,Orsimer,Male,None,No
Hanz gro-Hubrag,Orsimer,Male,None,No
Krognak gro-Brok,Orsimer,Male,The Serpent's Wake,No
Kurdan gro-Dragol,Orsimer,Male,None,Unknown
Kurz gro-Baroth (Orsimer),Orsimer,Male,Fighters Guild,No
Lady Rogbut gra-Shurgak,Orsimer,Female,None,Unknown
Lord Rugdumph gro-Shurgak,Orsimer,Male,None,Unknown
Lum gro-Baroth,Orsimer,Male,None,Unknown
Luronk gro-Glurzog,Orsimer,Male,None,No
Magra gro-Naybek,Orsimer,Male,Cheydinhal,Unknown
Magub gro-Orum,Orsimer,Male,Cheydinhal,Unknown
Maknok gro-Coblug,Orsimer,Male,None,No
Mazoga the Orc (Character),Orsimer,Female,None,No
Mog gra-Mogakh,Orsimer,Female,None,Unknown
Mug gro-Murgak,Orsimer,Male,None,Unknown
Oghash gra-Magul,Orsimer,Female,None,No
Orag gra-Bargol,Orsimer,Female,Nine Divines,No
Orok gro-Ghoth,Orsimer,Male,Chorrol,Unknown
Rogmesh gra-Coblug,Orsimer,Female,None,No
Shagol gro-Bumph,Orsimer,Male,None,No
Shobob gro-Rugdush,Orsimer,Male,Malacath,Unknown
Shum gro-Yarug,Orsimer,Male,None,No
Snak gra-Bura,Orsimer,Female,None,Unknown
Ugak gra-Mogakh,Orsimer,Female,None,No
Ulmug gro-Cromgog,Orsimer,Male,Bandits,No
Umog gra-Marad,Orsimer,Female,None,No
Urbul gro-Orkulg,Orsimer,Male,Imperial City,No
Uzul gro-Grulam,Orsimer,Male,Imperial Trading Company,No
Alonzo,Redguard,Male,Black Bows,No
Amir,Redguard,Male,Molag Bal,Yes
Angelie,Redguard,Female,Imperial City,No
Branwen,Redguard,Female,None,No
Armand Christophe,Redguard,Male,Thieves Guild,Yes
Ashanta,Redguard,Female,None,No
Azani Blackheart (Character),Redguard,Male,Bandits,No
Atatar,Unknown,Unknown,None,Unknown
Azzan,Redguard,Male,Fighters Guild,Yes
Baurus,Redguard,Male,Blades,Yes
Boldon,Redguard,Male,None,No
Borissean,Redguard,Male,None,No
Carmen Litte,Redguard,Female,None,No
Chanel,Redguard,Female,Castle Chorrol,Yes
Cirroc,Redguard,Male,Nine Divines,Yes
Clesa,Redguard,Female,None,No
Cyrus (Oblivion),Redguard,Male,Blades,No
Delmar,Redguard,Male,Arcane University,Yes
Demetrius,Redguard,Male,None,No
Dhola,Redguard,Female,None,No
Dorian (Oblivion),Redguard,Male,Imperial City,No
Eletta,Redguard,Female,Mages Guild,No
Ernest,Redguard,Male,None,No
Gogan,Redguard,Male,None,No
Haekwon,Redguard,Male,Boethiah,Yes
Hillod the Outlaw,Redguard,Male,Thieves Guild,No
Isleif the Open Handed,Redguard,Male,Thieves Guild,No
Isolde,Redguard,Female,Mythic Dawn,No
Jair,Redguard,Male,Thieves Guild,No
Jalbert,Redguard,Male,None,No
Vilverin,Unknown,Unknown,None,Unknown
Jearl,Redguard,Female,Mythic Dawn,No
Kewan,Redguard,Male,None,Unknown
Kiara,Redguard,Female,None,No
Maelona,Redguard,Female,None,No
Mirisa (Oblivion),Redguard,Female,None,Unknown
Neesha (Oblivion),Redguard,Female,None,No
Neville,Redguard,Male,None,No
Oleta,Redguard,Female,None,No
Orrin,Redguard,Male,Thieves Guild,No
Owyn,Redguard,Male,Arena,Unknown
Phintias,Redguard,Male,None,Unknown
Pranal,Redguard,Male,None,Unknown
Rasheda,Redguard,Female,None,No
Rellian,Redguard,Male,Fighters Guild,Unknown
Rhano,Redguard,Male,Fighters Guild,No
Rienna,Redguard,Female,Fighters Guild,No
Roderick,Redguard,Male,None,No
Rohssan,Redguard,Female,Imperial City,No
Rona,Redguard,Female,Mephala,No
Ruslan,Redguard,Male,None,No
Shafaye,Redguard,Female,None,No
Shamar,Redguard,Male,Vampire Hunters,No
Shameer,Redguard,Male,None,No
Shelley,Redguard,Female,None,No
Sherina,Redguard,Female,Fighters Guild,No
Tamika,Redguard,Female,None,No
Tavia,Redguard,Female,None,No
Tenville,Redguard,Female,None,No
Tierra,Redguard,Female,Kvatch,No
Trayvond the Redguard,Redguard,Male,Mages Guild,No
Trevaia,Redguard,Female,Nine Divines,No
Varnado,Redguard,Male,Imperial City,No
Wilbur,Redguard,Male,None,Unknown
Willet,Redguard,Male,None,No
Winson,Redguard,Male,Imperial City,No
Adventurers of Orsinium,Orsimer,Male,None,No
Ascended Immortal,Breton,Female,None,No
Camonna Tong Thug,Dunmer,Male,None,No
Courier (Oblivion),Breton,Female,None,No
Inn of Ill Omen,Unknown,Unknown,None,Unknown
Dark Brotherhood Murderer,Imperial,Female,None,No
Imperial Legion Archer,Imperial,Male,Imperial Legion,No
Imperial Legion Battlemage (Oblivion),Imperial,Male,Imperial Legion,No
Imperial Legion Forester,Imperial,Male,None,No
Mage Apprentice,Breton,Female,Mages Guild,No
Mage Scholar,Altmer,Female,Mages Guild,No
Priest of Arkay,Argonian,Male,None,No
Anga (Oblivion),Unknown,Unknown,None,Unknown
Afflicted Brethren,Unknown,Unknown,None,Unknown
Argonian Chieftain,Argonian,Female,None,No
Argonian Shaman,Argonian,Female,Veyond Cave,No
Argonian Tribesman,Argonian,Female,Veyond Cave,No
Black Rock Captain,Dunmer,Male,Marauder,No
Black Rock Pirate,Dunmer,Male,Undead,No
Blind Moth Priest,Imperial,Female,Moth Priests,No
Boethia's Chosen,Unknown,Unknown,None,Unknown
Attribution's Share,Unknown,Unknown,None,Unknown
Conjurer (Oblivion),Altmer,Female,None,No
Forgotten One,Altmer,Female,None,No
Ghost Fanatic (Shivering Isles),Nord,Male,None,Unknown
Ghost Fanatic Archer,Nord,Male,None,Unknown
Heretic Lackey,Breton,Male,Heretic,Unknown
Highwayman (Oblivion),Unknown,Unknown,None,Unknown
Mythic Dawn Agent,Dunmer,Female,Mythic Dawn,Unknown
Antoinetta Marie,Breton,Female,Dark Brotherhood,No
